,folds,test_auc,val_auc,test_acc,val_acc
0,0,0.6902356902356902,0.7861279461279461,0.7578947368421053,0.7526315789473684
