,folds,test_auc,val_auc,test_acc,val_acc
0,0,0.6253772290809329,0.7264586160108548,0.6455026455026456,0.7724867724867726
