,folds,test_auc,val_auc,test_acc,val_acc
0,0,0.6657239057239057,0.7781818181818182,0.7473684210526316,0.7684210526315789
