,folds,test_auc,val_auc,test_acc,val_acc
0,0,0.694006734006734,0.746936026936027,0.7473684210526316,0.7631578947368421
