,folds,test_auc,test_acc
0,0,0.8616296296296296,0.6533333333333333
