,folds,test_auc,val_auc,test_acc,val_acc
0,0,0.6825589225589225,0.7512457912457912,0.7421052631578947,0.7842105263157895
