,folds,test_auc,val_auc,test_acc,val_acc
0,0,0.6323232323232323,0.7947474747474748,0.7263157894736842,0.7631578947368421
