,folds,test_auc,val_auc,test_acc,val_acc
0,0,0.6526599326599326,0.7893602693602695,0.7210526315789474,0.7789473684210526
